name;Q4_2017;Q3_2017;Q2_2017;Q1_2017;Q4_2016;Q3_2016;Q2_2016;Q1_2016;Q4_2015;Q3_2015;Q2_2015;Q1_2015;Q4_2014;Q3_2014;Q2_2014;Q1_2014;Q4_2013;Q3_2013;Q2_2013;Q1_2013;Q4_2012;Q3_2012;Q2_2012;Q1_2012;Q4_2011;Q3_2011;Q2_2011;Q1_2011;Q4_2010;Q3_2010;Q2_2010;Q1_2010;2017;2016;2015;2014;2013;2012;2011;2010
Dönen Varlıklar;null;716716000;1348493000;1258641000;1163552000;1137549000;1085743000;1235454000;1090342000;1078023000;1003073000;1088955000;1035211000;1053358000;1058205000;1136667000;1139529000;1187980000;1158204000;1154033000;1069213000;1140123000;1121648000;1125214000;1112121000;1120148000;1075986000;1023642000;966170000;962418000;971930000;992289000;null;1163552000;1090342000;1035211000;1139529000;1069213000;1112121000;966170000
 Nakit ve Nakit Benzerleri;null;499571000;444076000;683538000;661541000;561984000;488737000;709207000;699023000;640873000;544227000;644542000;648606000;643100000;614556000;684741000;719594000;704342000;678131000;701133000;705168000;671130000;663298000;704563000;761996000;756150000;689519000;670605000;656127000;626878000;626165000;666865000;null;661541000;699023000;648606000;719594000;705168000;761996000;656127000
 Finansal Yatırımlar;null;338000;339000;2513000;3836000;3634000;3554000;894000;2065000;834000;1278000;1248000;763000;772000;733000;746000;308000;628000;317000;748000;372000;417000;1468000;1489000;1404000;1464000;2968000;3836000;3419000;2895000;3254000;4995000;null;3836000;2065000;763000;308000;372000;1404000;3419000
 Ticari Alacaklar;null;133582000;147968000;392814000;340094000;388586000;375300000;342334000;219104000;274483000;285272000;269471000;212104000;238849000;238272000;236204000;207814000;264469000;270962000;236854000;174089000;268167000;278512000;250797000;202097000;230438000;249018000;227021000;193096000;217420000;220136000;192005000;null;340094000;219104000;212104000;207814000;174089000;202097000;193096000
 Finans Sektörü Faaliyetlerinden Alacaklar;null;0;0;0;0;0;0;0;0;0;0;0;0;0;0;0;0;0;0;0;0;0;0;0;0;0;0;0;0;0;0;0;null;0;0;0;0;0;0;0
 Diğer Alacaklar;null;2043000;1942000;1549000;2038000;21354000;46382000;363000;307000;1059000;1062000;218000;207000;2996000;6839000;4781000;865000;8324000;8150000;215000;264000;921000;763000;772000;804000;771000;4765000;787000;746000;789000;828000;802000;null;2038000;307000;207000;865000;264000;804000;746000
 Stoklar;null;64696000;93512000;132496000;128248000;141060000;139406000;139481000;133900000;141602000;145877000;145616000;154790000;151706000;184746000;192835000;198343000;183976000;181911000;191034000;169994000;170481000;160288000;147437000;135819000;116883000;99399000;101207000;96156000;87994000;90525000;90955000;null;128248000;133900000;154790000;198343000;169994000;135819000;96156000
 Canlı Varlıklar;null;0;0;0;0;0;0;0;0;0;0;0;0;0;0;0;0;0;0;0;0;0;0;0;0;0;0;0;0;0;0;0;null;0;0;0;0;0;0;0
 Diğer Dönen Varlıklar;null;16486000;29823000;45731000;27795000;20931000;32364000;43175000;35943000;19172000;25357000;27860000;18741000;15935000;13059000;17360000;12605000;26241000;18733000;24049000;19326000;29007000;17319000;20156000;10001000;14442000;30317000;20186000;16626000;26442000;31022000;36667000;null;27795000;35943000;18741000;12605000;19326000;10001000;16626000
 (Ara Toplam);null;716716000;717660000;1258641000;1163552000;1137549000;1085743000;1235454000;1090342000;1078023000;1003073000;1088955000;1035211000;1053358000;1058205000;1136667000;1139529000;1187980000;1158204000;1154033000;1069213000;1140123000;1121648000;1125214000;1112121000;1120148000;1075986000;1023642000;966170000;962418000;971930000;992289000;null;1163552000;1090342000;1035211000;1139529000;1069213000;1112121000;966170000
 Satış Amacıyla Elde Tutulan Duran Varlıklar;null;0;630833000;0;0;0;0;0;0;0;0;0;0;0;0;0;0;0;0;0;0;0;0;0;0;0;0;0;0;0;0;0;null;0;0;0;0;0;0;0
Duran Varlıklar;null;2659891000;2640425000;2819751000;2829151000;2350533000;2353741000;2309520000;2279488000;2334829000;2326127000;2225898000;2228274000;2286723000;2296270000;2282087000;2297690000;2231751000;2249528000;2279227000;2291488000;1924859000;1935667000;1930973000;1919646000;1735318000;1698197000;1696213000;1696054000;1503286000;1507241000;1504628000;null;2829151000;2279488000;2228274000;2297690000;2291488000;1919646000;1696054000
 Ticari Alacaklar;null;0;0;0;7000;40000;81000;121000;162000;203000;243000;284000;325000;660000;723000;1050000;1930000;2170000;2257000;2669000;2916000;1295000;652000;733000;5700000;6841000;6421000;4607000;3234000;0;0;0;null;7000;162000;325000;1930000;2916000;5700000;3234000
 Finans Sektörü Faaliyetlerinden Alacaklar;null;0;0;0;0;0;0;0;0;0;0;0;0;0;0;0;0;0;0;0;0;0;0;0;0;0;0;0;0;0;0;0;null;0;0;0;0;0;0;0
 Diğer Alacaklar;null;239000;214000;210000;436000;13000;13000;29000;45000;50000;50000;46000;46000;46000;46000;45000;50000;50000;52000;63000;61000;146000;341000;73000;67000;74000;69000;68000;75000;66000;70000;59000;null;436000;45000;46000;50000;61000;67000;75000
 Finansal Yatırımlar;null;2156699000;2156715000;2161159000;2160218000;1680488000;1680753000;1680215000;1682657000;1720621000;1720420000;1720129000;1720122000;1767590000;1767430000;1766835000;1767384000;1754589000;1754563000;1755114000;1755762000;1463503000;1462852000;1462027000;1463931000;1276665000;1273920000;1274436000;1275898000;1091736000;1092328000;1091838000;null;2160218000;1682657000;1720122000;1767384000;1755762000;1463931000;1275898000
 Özkaynak Yöntemiyle Değerlenen Yatırımlar;null;99803000;95052000;92577000;83693000;85337000;88615000;112216000;86348000;114984000;112039000;110474000;114369000;116378000;126845000;129106000;132643000;93596000;99556000;121178000;129618000;14379000;14527000;14495000;14816000;23993000;25103000;25065000;25349000;28101000;28215000;26136000;null;83693000;86348000;114369000;132643000;129618000;14816000;25349000
 Canlı Varlıklar;null;0;0;0;0;0;0;0;0;0;0;0;0;0;0;0;0;0;0;0;0;0;0;0;0;0;0;0;0;0;0;0;null;0;0;0;0;0;0;0
 Yatırım Amaçlı Gayrimenkuller;null;367818000;361688000;360075000;363017000;366734000;364880000;296210000;295971000;293857000;293360000;213797000;210449000;206411000;199929000;202147000;204340000;197034000;194096000;195401000;204997000;197971000;199016000;199836000;200358000;199874000;200500000;201805000;203193000;203928000;205202000;206503000;null;363017000;295971000;210449000;204340000;204997000;200358000;203193000
 Stoklar;null;0;0;0;0;0;0;0;0;0;0;0;0;0;0;0;0;0;0;0;0;0;0;0;0;0;0;0;0;0;0;0;null;0;0;0;0;0;0;0
 Maddi Duran Varlıklar;null;6178000;6322000;122172000;122388000;116815000;116862000;114902000;102181000;82641000;73996000;66607000;63314000;61591000;61392000;45546000;45815000;56760000;56692000;57537000;47876000;88385000;89475000;90463000;79013000;77222000;72859000;72002000;72021000;70332000;70583000;69000000;null;122388000;102181000;63314000;45815000;47876000;79013000;72021000
 Şerefiye;null;0;0;24117000;24117000;24117000;24117000;24117000;24117000;28159000;28159000;28159000;28159000;39511000;39511000;39511000;39511000;39511000;39511000;39511000;39511000;35731000;35731000;35731000;35731000;35731000;32574000;32574000;32574000;32574000;32574000;32574000;null;24117000;24117000;28159000;39511000;39511000;35731000;32574000
 Maddi Olmayan Duran Varlıklar;null;11376000;10951000;34292000;35066000;35990000;34865000;34755000;33348000;32756000;31584000;30952000;31323000;31501000;31893000;32415000;33347000;32677000;32371000;31440000;31424000;25770000;26476000;26391000;26846000;25478000;24803000;26044000;25875000;25083000;26024000;25855000;null;35066000;33348000;31323000;33347000;31424000;26846000;25875000
 Ertelenmiş Vergi Varlığı;null;8115000;7312000;21234000;23727000;16736000;21370000;20957000;19704000;13286000;12070000;10382000;10667000;9957000;10431000;9794000;9628000;8873000;8838000;9661000;8918000;8236000;9807000;10457000;8082000;9981000;10090000;8042000;7408000;7098000;7754000;6372000;null;23727000;19704000;10667000;9628000;8918000;8082000;7408000
 Diğer Duran Varlıklar;null;9663000;2171000;3915000;16482000;24263000;22185000;25998000;34955000;48272000;54206000;45068000;49500000;53078000;58070000;55638000;63042000;46491000;61592000;66653000;70405000;89443000;96790000;90767000;85102000;79459000;51858000;51570000;50427000;44368000;44491000;46291000;null;16482000;34955000;49500000;63042000;70405000;85102000;50427000
TOPLAM VARLIKLAR;null;3376607000;3988918000;4078392000;3992703000;3488082000;3439484000;3544974000;3369830000;3412852000;3329200000;3314853000;3263485000;3340081000;3354475000;3418754000;3437219000;3419731000;3407732000;3433260000;3360701000;3064982000;3057315000;3056187000;3031767000;2855466000;2774183000;2719855000;2662224000;2465704000;2479171000;2496917000;null;3992703000;3369830000;3263485000;3437219000;3360701000;3031767000;2662224000
KAYNAKLAR;null;0;0;0;0;0;0;0;0;0;0;0;0;0;0;0;0;0;0;0;0;0;0;0;0;0;0;0;0;0;0;0;null;0;0;0;0;0;0;0
Kısa Vadeli Yükümlülükler;null;164225000;828357000;648737000;602151000;607842000;588200000;523229000;475926000;453027000;443112000;400364000;375960000;394462000;389279000;390019000;416193000;418750000;437012000;417012000;343995000;411365000;409295000;346284000;304427000;305709000;275638000;202881000;184184000;210712000;227201000;225851000;null;602151000;475926000;375960000;416193000;343995000;304427000;184184000
 Finansal Borçlar;null;15995000;27788000;235787000;207812000;236369000;218795000;159279000;189962000;158496000;144110000;113810000;113116000;134520000;119828000;93862000;65353000;64540000;63013000;54945000;31769000;66565000;73935000;68615000;51918000;39524000;38624000;22121000;34668000;28286000;38688000;46503000;null;207812000;189962000;113116000;65353000;31769000;51918000;34668000
 Diğer Finansal Yükümlülükler;null;0;0;0;0;0;0;0;0;0;0;0;0;0;0;0;0;0;0;0;0;0;0;0;0;0;0;0;0;0;0;0;null;0;0;0;0;0;0;0
 Ticari Borçlar;null;118706000;139736000;379769000;348643000;334828000;326402000;320383000;253147000;257191000;272529000;257007000;233834000;237699000;234742000;247200000;241936000;274376000;274228000;250863000;213394000;230216000;231816000;210845000;206362000;209169000;177044000;158351000;129458000;159324000;154823000;145779000;null;348643000;253147000;233834000;241936000;213394000;206362000;129458000
 Diğer Borçlar;null;4364000;4683000;10300000;9623000;7091000;6659000;8934000;13872000;11215000;9629000;8621000;5923000;5932000;4771000;7536000;44427000;9899000;8945000;1694000;5680000;7589000;5502000;1344000;1382000;5718000;5591000;1006000;1116000;4059000;5942000;2553000;null;9623000;13872000;5923000;44427000;5680000;1382000;1116000
 Finans Sektörü Faaliyetlerinden Borçlar;null;0;0;0;0;0;0;0;0;0;0;0;0;0;0;0;0;0;0;0;0;0;0;0;0;0;0;0;0;0;0;0;null;0;0;0;0;0;0;0
 Devlet Teşvik ve Yardımları;null;0;0;0;0;0;0;0;0;0;0;0;0;0;0;0;0;0;0;0;0;0;0;0;0;0;0;0;0;0;0;0;null;0;0;0;0;0;0;0
 Dönem Karı Vergi Yükümlülüğü;null;6535000;2058000;6576000;18162000;6299000;4134000;0;0;15679000;4647000;8757000;2042000;13000;0;3259000;7824000;9390000;8134000;1434000;1181000;3454000;2666000;1730000;1074000;11463000;9126000;5073000;1302000;2403000;3957000;4477000;null;18162000;0;2042000;7824000;1181000;1074000;1302000
 Borç Karşılıkları;null;2814000;3408000;10327000;9506000;8717000;10472000;9703000;8241000;7701000;8693000;7584000;7557000;6706000;7806000;7189000;6786000;7641000;6745000;1107000;8292000;15313000;15363000;1407000;1398000;1084000;1194000;752000;738000;682000;552000;903000;null;9506000;8241000;7557000;6786000;8292000;1398000;738000
 Diğer Kısa Vadeli Yükümlülükler;null;15811000;14947000;5978000;8405000;14538000;21738000;24930000;10704000;2745000;3504000;4585000;13488000;9592000;22132000;30973000;49867000;52904000;75947000;106969000;83679000;88228000;80013000;62343000;42293000;38751000;44059000;15578000;16902000;15958000;23239000;25636000;null;8405000;10704000;13488000;49867000;83679000;42293000;16902000
 (Ara Toplam);null;164225000;192620000;648737000;602151000;607842000;588200000;523229000;475926000;453027000;443112000;400364000;375960000;394462000;389279000;390019000;416193000;418750000;437012000;417012000;343995000;411365000;409295000;346284000;304427000;305709000;275638000;202881000;184184000;210712000;227201000;225851000;null;602151000;475926000;375960000;416193000;343995000;304427000;184184000
 Satış Amaçlı Elde Tutulan Duran Varlıklara İlişkin Yükümlülükler;null;0;635737000;0;0;0;0;0;0;0;0;0;0;0;0;0;0;0;0;0;0;0;0;0;0;0;0;0;0;0;0;0;null;0;0;0;0;0;0;0
Uzun Vadeli Yükümlülükler;null;128791000;129062000;146486000;146062000;119168000;118121000;148306000;153844000;125693000;121155000;121823000;126480000;98353000;98854000;99281000;100849000;102177000;102195000;112416000;111071000;93707000;101886000;102996000;110136000;99001000;98840000;107007000;90729000;66572000;64878000;62220000;null;146062000;153844000;126480000;100849000;111071000;110136000;90729000
 Finansal Borçlar;null;114000;388000;33458000;32081000;31972000;30516000;58734000;63080000;34738000;30532000;31684000;31244000;0;0;0;0;0;0;9000;63000;7931000;9235000;7304000;12404000;13479000;13074000;10703000;0;9661000;9129000;6673000;null;32081000;63080000;31244000;0;63000;12404000;0
 Diğer Finansal Yükümlülükler;null;0;0;0;0;0;0;0;0;0;0;0;0;0;0;0;0;0;0;0;0;0;0;0;0;0;0;0;0;0;0;0;null;0;0;0;0;0;0;0
 Ticari Borçlar;null;0;0;0;0;0;0;0;0;0;0;0;0;0;0;0;0;0;0;1039000;1414000;1846000;3721000;5054000;4422000;0;0;0;0;0;0;0;null;0;0;0;0;1414000;4422000;0
 Diğer Borçlar;null;0;0;219000;526000;0;0;0;0;0;0;0;0;0;0;0;0;0;0;0;0;0;0;0;0;0;0;0;0;0;0;0;null;526000;0;0;0;0;0;0
 Finans Sektörü Faaliyetlerinden Borçlar;null;0;0;0;0;0;0;0;0;0;0;0;0;0;0;0;0;0;0;0;0;0;0;0;0;0;0;0;0;0;0;0;null;0;0;0;0;0;0;0
 Devlet Teşvik ve Yardımları;null;0;0;0;0;0;0;0;0;0;0;0;0;0;0;0;0;0;0;0;0;0;0;0;0;0;0;0;0;0;0;0;null;0;0;0;0;0;0;0
 Uzun vadeli karşılıklar;null;4065000;4063000;8064000;7774000;7557000;7645000;7353000;7533000;4333000;4057000;3962000;3293000;3283000;3451000;3411000;3436000;0;4584000;0;3782000;0;0;0;0;0;0;0;0;0;0;0;null;7774000;7533000;3293000;3436000;3782000;0;0
 Çalışanlara Sağlanan Faydalara İliş.Karş.;null;0;0;0;0;0;0;0;0;0;0;0;0;0;0;0;0;4163000;0;4392000;0;8258000;8344000;8139000;7478000;6969000;8842000;7984000;7293000;6139000;4303000;4538000;null;0;0;0;0;0;7478000;7293000
 Ertelenmiş Vergi Yükümlülüğü;null;100862000;100861000;103781000;105044000;79329000;79433000;79490000;79775000;81650000;81701000;81362000;81500000;83951000;84237000;84377000;84218000;84943000;84453000;84143000;83889000;67649000;67948000;67525000;68061000;59194000;59406000;59562000;59952000;50769000;51439000;51002000;null;105044000;79775000;81500000;84218000;83889000;68061000;59952000
 Diğer Uzun Vadeli Yükümlülükler;null;23750000;23750000;964000;637000;310000;527000;2729000;3456000;4972000;4865000;4815000;10443000;11119000;11166000;11493000;13195000;13071000;13158000;22833000;21923000;8023000;12638000;14974000;17771000;19359000;17518000;28758000;23484000;3000;7000;7000;null;637000;3456000;10443000;13195000;21923000;17771000;23484000
Özkaynaklar;null;3083591000;3031499000;3283169000;3244490000;2761072000;2733163000;2873439000;2740060000;2834132000;2764933000;2792666000;2761045000;2847266000;2866342000;2929454000;2920177000;2898804000;2868525000;2903832000;2905635000;2559910000;2546134000;2606907000;2617204000;2450756000;2399705000;2409967000;2387311000;2188420000;2187092000;2208846000;null;3244490000;2740060000;2761045000;2920177000;2905635000;2617204000;2387311000
 Ana Ortaklığa Ait Özkaynaklar;null;3083519000;3033977000;3291135000;3250755000;2748144000;2721709000;2864801000;2736132000;2824050000;2750022000;2776342000;2743841000;2813828000;2825213000;2891277000;2881281000;2854825000;2824374000;2857032000;2859732000;2541752000;2532564000;2590524000;2601086000;2435587000;2385642000;2391005000;2368530000;2170151000;2169570000;2189972000;null;3250755000;2736132000;2743841000;2881281000;2859732000;2601086000;2368530000
 Ödenmiş Sermaye;null;685260000;685260000;685260000;685260000;548208000;548208000;548208000;548208000;548208000;548208000;548208000;548208000;548208000;548208000;548208000;548208000;548208000;548208000;548208000;548208000;548208000;548208000;548208000;548208000;548208000;548208000;548208000;548208000;548208000;548208000;548208000;null;685260000;548208000;548208000;548208000;548208000;548208000;548208000
 Karşılıklı İştirak Sermayesi Düzeltmesi (-);null;0;0;0;0;0;0;0;0;0;0;0;0;0;0;0;0;0;0;105777000;0;105777000;105777000;105777000;105777000;105777000;105777000;105777000;105777000;105777000;105777000;105777000;null;0;0;0;0;0;105777000;105777000
 Hisse Senedi İhraç Primleri;null;0;0;0;0;0;0;0;0;0;0;0;0;0;0;0;0;0;0;0;0;0;0;0;0;0;0;0;0;0;0;0;null;0;0;0;0;0;0;0
 Değer Artış Fonları;null;0;0;0;0;0;0;0;0;0;0;0;0;0;0;0;0;0;0;1528758000;0;1248927000;1248846000;1248145000;1248552000;1069148000;1068581000;1069122000;1069322000;892253000;892073000;892387000;null;0;0;0;0;0;1248552000;1069322000
 Yabancı Para Çevrim Farkları;null;10010000;10010000;10010000;10010000;10010000;10010000;10010000;10010000;12643000;8755000;9754000;9566000;4899000;4160000;3736000;3366000;2363000;2821000;-1016000;1877000;1816000;1338000;244000;1383000;4013000;1199000;-766000;-1894000;-2835000;-3782000;-1264000;null;10010000;10010000;9566000;3366000;1877000;1383000;-1894000
 Kardan Ayrılan Kısıtlanmış Yedekler;null;168095000;168095000;277913000;277913000;337248000;337248000;312763000;312763000;312763000;312763000;308538000;308538000;308538000;308538000;299764000;299764000;299764000;299764000;258084000;258084000;258084000;258084000;248754000;248754000;248754000;248754000;245415000;245415000;245415000;245415000;25571000;null;277913000;312763000;308538000;299764000;258084000;248754000;245415000
 Geçmiş Yıllar Kar/Zararları;null;36481000;30378000;263190000;78387000;156104000;156104000;399872000;239470000;239470000;230973000;279055000;322348000;322348000;322348000;383750000;322336000;322472000;322472000;416950000;384423000;384261000;384261000;448412000;359902000;359778000;359778000;401702000;341322000;341322000;341322000;599541000;null;78387000;239470000;322348000;322336000;384423000;359902000;341322000
 Dönem Net Kar/Zararı;null;165433000;121566000;36007000;184803000;138264000;111689000;35729000;67647000;112321000;50599000;32318000;-43293000;-16681000;-4444000;9674000;61414000;49818000;19030000;271000;34414000;-5321000;-13950000;-9016000;88510000;99909000;53345000;21547000;60380000;40011000;40557000;19752000;null;184803000;67647000;-43293000;61414000;34414000;88510000;60380000
 Diğer Özsermaye Kalemleri;null;2018240000;2018668000;2018755000;2014382000;1558310000;1558450000;1558219000;1558034000;1598645000;1598724000;1598469000;1598474000;1646516000;1646403000;1646145000;1646193000;1632200000;1632079000;0;1632726000;0;0;0;0;0;0;0;0;0;0;0;null;2014382000;1558034000;1598474000;1646193000;1632726000;0;0
 Azınlık Payları;null;72000;-2478000;-7966000;-6265000;12928000;11454000;8638000;3928000;10082000;14911000;16324000;17204000;33438000;41129000;38177000;38896000;43979000;44151000;46800000;45903000;18158000;13570000;16383000;0;15169000;14063000;18962000;18781000;18269000;17522000;18874000;null;-6265000;3928000;17204000;38896000;45903000;0;18781000
TOPLAM KAYNAKLAR;null;3376607000;3988918000;4078392000;3992703000;3488082000;3439484000;3544974000;3369830000;3412852000;3329200000;3314853000;3263485000;3340081000;3354475000;3418754000;3437219000;3419731000;3407732000;3433260000;3360701000;3064982000;3057315000;3056187000;3031767000;2855466000;2774183000;2719855000;2662224000;2465704000;2479171000;2496917000;null;3992703000;3369830000;3263485000;3437219000;3360701000;3031767000;2662224000
Sürdürülen Faaliyetler;null;0;0;0;0;0;0;0;0;0;0;0;0;0;0;0;0;0;0;0;0;0;0;0;0;0;0;0;0;0;0;0;null;0;0;0;0;0;0;0
Satış Gelirleri;null;139124000;135848000;155132000;1055357000;106274000;117021000;133993000;298255000;282619000;286479000;303210000;262699000;267810000;259330000;256942000;234147000;307260000;331462000;253140000;219938000;220048000;235408000;211940000;242118000;233325000;258285000;239824000;207720000;233207000;257769000;214516000;null;1412645000;1170563000;1046781000;1126009000;887334000;973552000;913212000
Satışların Maliyeti (-);null;-80562000;-83608000;-95192000;-836840000;-69884000;-74899000;-74567000;-236361000;-213930000;-223726000;-233671000;-208794000;-234560000;-210010000;-203156000;-185272000;-255325000;-276632000;-202646000;-182317000;-172943000;-194218000;-174537000;-186754000;-169604000;-184551000;-171224000;-140587000;-171834000;-180969000;-153328000;null;-1056190000;-907688000;-856520000;-919875000;-724015000;-712133000;-646718000
Ticari Faaliyetlerden Diğer Kar (Zarar);null;0;0;0;0;0;0;0;0;0;0;0;0;0;0;0;0;0;0;0;0;0;0;0;0;0;0;0;0;0;0;0;null;0;0;0;0;0;0;0
Ticari Faaliyetlerden Brüt Kar (Zarar);null;58562000;52240000;59940000;218517000;36390000;42122000;59426000;61894000;68689000;62753000;69539000;53905000;33250000;49320000;53786000;48875000;51935000;54830000;50494000;37621000;47105000;41190000;37403000;55364000;63721000;73734000;68600000;67133000;61373000;76800000;61188000;null;356455000;262875000;190261000;206134000;163319000;261419000;266494000
Faiz, Ücret, Prim, Komisyon ve Diğer Gelirler;null;0;0;0;0;0;0;0;0;0;0;0;0;0;0;0;0;0;0;0;0;0;0;0;0;0;0;0;0;0;0;0;null;0;0;0;0;0;0;0
Faiz, Ücret, Prim, Komisyon ve Diğer Giderler (-);null;0;0;0;0;0;0;0;0;0;0;0;0;0;0;0;0;0;0;0;0;0;0;0;0;0;0;0;0;0;0;0;null;0;0;0;0;0;0;0
Finans Sektörü Faaliyetlerinden Diğer Kar (Zarar);null;0;0;0;0;0;0;0;0;0;0;0;0;0;0;0;0;0;0;0;0;0;0;0;0;0;0;0;0;0;0;0;null;0;0;0;0;0;0;0
Finans Sektörü Faaliyetlerinden Brüt Kar (Zarar);null;0;0;0;0;0;0;0;0;0;0;0;0;0;0;0;0;0;0;0;0;0;0;0;0;0;0;0;0;0;0;0;null;0;0;0;0;0;0;0
Diğer Gelir ve Giderler;null;0;0;0;0;0;0;0;0;0;0;0;0;0;0;0;0;0;0;0;0;0;0;0;0;0;0;0;0;0;0;0;null;0;0;0;0;0;0;0
BRÜT KAR (ZARAR);null;58562000;52240000;59940000;218517000;36390000;42122000;59426000;61894000;68689000;62753000;69539000;53905000;33250000;49320000;53786000;48875000;51935000;54830000;50494000;37621000;47105000;41190000;37403000;55364000;63721000;73734000;68600000;67133000;61373000;76800000;61188000;null;356455000;262875000;190261000;206134000;163319000;261419000;266494000
Pazarlama, Satış ve Dağıtım Giderleri (-);null;-26152000;-29793000;-27163000;-134701000;-22518000;-23979000;-23893000;-43482000;-37462000;-38806000;-37817000;-38845000;-31940000;-35379000;-29141000;-36827000;-28270000;-25556000;-30236000;-25423000;-23841000;-22038000;-21241000;-36869000;-24224000;-41721000;-33679000;-36445000;-30105000;-36116000;-29894000;null;-205091000;-157567000;-135305000;-120889000;-92543000;-136493000;-132560000
Genel Yönetim Giderleri (-);null;-11819000;-16618000;-16230000;-65212000;-9648000;-13379000;-10131000;-25821000;-21019000;-25807000;-23208000;-19447000;-18746000;-20850000;-19391000;-22939000;-15507000;-18745000;-16992000;-16907000;-13022000;-17745000;-14570000;-27498000;-22175000;-25678000;-25750000;-24678000;-22506000;-22359000;-21473000;null;-98370000;-95855000;-78434000;-74183000;-62244000;-101101000;-91016000
Araştırma ve Geliştirme Giderleri (-);null;0;0;0;-1850000;0;0;0;-384000;-264000;-352000;-361000;-228000;-244000;-297000;-329000;-250000;-288000;-253000;-262000;0;0;0;0;-85000;-51000;-2000;-1000;-4000;-5000;-4000;-3000;null;-1850000;-1361000;-1098000;-1053000;0;-139000;-16000
Diğer Faaliyet Gelirleri;null;26697000;23764000;84111000;102286000;36663000;40198000;20303000;20599000;79648000;36654000;58146000;33039000;45654000;37059000;48686000;51626000;50405000;49391000;20582000;18121000;25922000;48940000;1875000;-1393000;-2335000;6031000;2181000;2696000;101000;3136000;13411000;null;199450000;195047000;164438000;172004000;94858000;4484000;19344000
Diğer Faaliyet Giderleri (-);null;-15554000;-20291000;-56361000;-50175000;-2212000;-20970000;-22329000;-46305000;-9249000;-9781000;-14025000;-29602000;-20646000;-37509000;-33597000;-13680000;-8076000;-10717000;-14857000;-12548000;-15207000;-55398000;-1557000;780000;-5285000;-10944000;-2019000;-4263000;-1286000;-4826000;-1161000;null;-95686000;-79360000;-121354000;-47330000;-84710000;-17468000;-11536000
Faaliyet Karı Öncesi Diğer Gelir ve Giderler;null;0;0;0;0;0;0;0;0;0;0;0;0;0;0;0;0;0;0;0;0;0;0;0;0;0;0;0;0;0;0;0;null;0;0;0;0;0;0;0
FAALİYET KARI (ZARARI);null;31734000;9302000;44297000;68865000;38675000;23992000;23376000;-33499000;80343000;24661000;52274000;-1178000;7328000;-7656000;20014000;26805000;50199000;48950000;8729000;864000;20957000;-5051000;1910000;-9701000;9651000;1420000;9332000;4439000;7572000;16631000;22068000;null;154908000;123779000;18508000;134683000;18680000;10702000;50710000
Net Faaliyet Kar/Zararı;null;20591000;5829000;16547000;16754000;4224000;4764000;25402000;-7793000;9944000;-2212000;8153000;-4615000;-17680000;-7206000;4925000;-11141000;7870000;10276000;3004000;-4709000;10242000;1407000;1592000;-9088000;17271000;6333000;9170000;6006000;8757000;18321000;9818000;null;51144000;8092000;-24576000;10009000;8532000;23686000;42902000
 Yatırım Faaliyetlerinden Gelirler;null;34996000;99405000;1000;null;12000;59730000;31000;null;null;310000;510000;null;1134000;null;null;null;null;null;null
 Yatırım Faaliyetlerinden Giderler (-);null;-49000;-47000;-32000;null;0;0;-4000;null;null;-3000;-90000;null;-28000;null;null;null;null;null;null
 Diğer Gelir ve Giderler;null;0;0;0;null;0;0;0;null;null;0;0;null;0;null;null;null;null;null;null
Özkaynak Yöntemiyle Değerlenen Yatırımların Kar/Zararlarındaki Paylar;null;-18373000;-31425000;4915000;-13755000;-3277000;-3339000;14766000;-25124000;1099000;2279000;-7282000;-27187000;-19783000;-3307000;-3519000;-13753000;-6403000;-25371000;-5122000;-11500000;-5595000;-14782000;126000;-8626000;-3825000;-2593000;-1931000;-5724000;-712000;4516000;2694000;null;-5605000;-29028000;-53796000;-50649000;-31751000;-16975000;774000
(Esas Faaliyet Dışı) Finansal Gelirler;null;2977000;5002000;2163000;8281000;229000;-1007000;2366000;0;0;0;0;0;0;0;0;0;0;0;0;-1000;1000;-22847000;24238000;37122000;67461000;54084000;32529000;26197000;10376000;31101000;23577000;null;9869000;0;0;0;1391000;191196000;91251000
(Esas Faaliyet Dışı) Finansal Giderler (-);null;-902000;-2758000;-1090000;-21525000;-2228000;-881000;-756000;-4564000;-9740000;-6629000;-4497000;-4665000;-3408000;-2552000;-2647000;-1823000;-2144000;-1471000;-766000;-700000;-1072000;33613000;-35479000;-25671000;-12727000;-13368000;-11953000;530000;-14808000;-26785000;-23482000;null;-25390000;-25430000;-13272000;-6204000;-3638000;-63719000;-64545000
Vergi Öncesi Diğer Gelir ve Giderler;null;34947000;99358000;-31000;3637000;12000;59730000;27000;3414000;191000;307000;420000;-3400000;397000;653000;56000;560000;9000;8121000;510000;49183000;6169000;7928000;0;0;0;0;0;0;0;0;0;null;63406000;4332000;-2294000;9200000;63280000;0;0
SÜRDÜRÜLEN FAALİYETLER VERGİ ÖNCESİ KARI (ZARARI);null;50383000;79479000;50254000;45503000;33411000;78495000;39779000;-59773000;71893000;20618000;40915000;-36430000;-15466000;-12862000;13904000;11789000;41661000;30229000;3351000;37846000;20460000;-1139000;-9205000;-6876000;60560000;39543000;27977000;25442000;2428000;25463000;24857000;null;197188000;73653000;-50854000;87030000;47962000;121204000;78190000
Sürdürülen Faaliyetler Vergi Geliri (Gideri);null;-6522000;-4899000;-6613000;-14628000;-8348000;-4907000;-1748000;9836000;-15015000;-3881000;-9614000;-2540000;-4475000;1471000;-4846000;-5364000;-11107000;-10393000;-2132000;-1245000;-6516000;-2525000;1513000;-4032000;-12946000;-7613000;-6232000;-4624000;-2349000;-2593000;-5453000;null;-29631000;-18674000;-10390000;-28996000;-8773000;-30823000;-15019000
 Dönem Vergi Geliri (Gideri);null;-7324000;-2894000;-7672000;-19163000;-6947000;-4872000;-1410000;4152000;-16279000;-5250000;-9475000;-3342000;-4292000;670000;-4845000;-7578000;-10660000;-9220000;-2617000;-2461000;-5018000;-716000;-722000;-2644000;-13040000;-9759000;-7244000;-5024000;-2381000;-3502000;-5309000;null;-32392000;-26852000;-11809000;-30075000;-8917000;-32687000;-16216000
 Ertelenmiş Vergi Geliri (Gideri);null;802000;-2005000;1059000;4535000;-1401000;-35000;-338000;5684000;1264000;1369000;-139000;802000;-183000;801000;-1000;2214000;-447000;-1173000;485000;1216000;-1498000;-1809000;2235000;-1388000;94000;2146000;1012000;400000;32000;909000;-144000;null;2761000;8178000;1419000;1079000;144000;1864000;1197000
 Diğer Vergi Geliri (Gideri);null;0;0;0;0;0;0;0;0;0;0;0;0;0;0;0;0;0;0;0;0;0;0;0;0;0;0;0;0;0;0;0;null;0;0;0;0;0;0;0
SÜRDÜRÜLEN FAALİYETLER DÖNEM KARI/ZARARI;null;43861000;74580000;43641000;30875000;25063000;73588000;38031000;-49937000;56878000;16737000;31301000;-38970000;-19941000;-11391000;9058000;6425000;30554000;19836000;1219000;36601000;13944000;-3664000;-7692000;-10908000;47614000;31930000;21745000;20818000;79000;22870000;19404000;null;167557000;54979000;-61244000;58034000;39189000;90381000;63171000
DURDURULAN FAALİYETLER;null;0;0;0;0;0;0;0;0;0;0;0;0;0;0;0;0;0;0;0;0;0;0;0;0;0;0;0;0;0;0;0;null;0;0;0;0;0;0;0
Durdurulan Faaliyetler Vergi Sonrası Dönem Karı (Zararı);null;0;16561000;-9770000;-3295000;3138000;4926000;-4769000;0;0;0;0;0;0;0;0;0;0;0;0;0;0;0;0;0;0;0;0;0;0;0;0;null;0;0;0;0;0;0;0
DÖNEM KARI (ZARARI);null;43861000;91141000;33871000;27580000;28201000;78514000;33262000;-49937000;56878000;16737000;31301000;-38970000;-19941000;-11391000;9058000;6425000;30554000;19836000;1219000;36601000;13944000;-3664000;-7692000;-10908000;47614000;31930000;21745000;20818000;79000;22870000;19404000;null;167557000;54979000;-61244000;58034000;39189000;90381000;63171000
Dönem Kar/Zararının Dağılımı;null;0;0;0;0;0;0;0;0;0;0;0;0;0;0;0;0;0;0;0;0;0;0;0;0;0;0;0;0;0;0;0;null;0;0;0;0;0;0;0
Azınlık Payları;null;-6000;5582000;-2136000;-18959000;1626000;2554000;-2467000;-5263000;-4844000;-1544000;-1017000;-12358000;-7704000;2727000;-616000;-5171000;-234000;1077000;948000;-3134000;5315000;1270000;1324000;491000;1050000;132000;198000;449000;625000;2065000;-348000;null;-17246000;-12668000;-17951000;-3380000;4775000;1871000;2791000
Ana Ortaklık Payları;null;43867000;85559000;36007000;46539000;26575000;75960000;35729000;-44674000;61722000;18281000;32318000;-26612000;-12237000;-14118000;9674000;11596000;30788000;18759000;271000;39735000;8629000;-4934000;-9016000;-11399000;46564000;31798000;21547000;20369000;-546000;20805000;19752000;null;184803000;67647000;-43293000;61414000;34414000;88510000;60380000
Hisse Başına Kazanç;null;0;0;0;0;0;0;0;0;0;0;0;0;0;0;0;0;0;0;0;0;0;0;0;0;0;0;0;0;0;0;0;null;0;0;0;0;0;0;0
Seyreltilmiş Hisse Başına Kazanç;null;0;0;0;0;0;0;0;0;0;0;0;0;0;0;0;0;0;0;0;0;0;0;0;0;0;0;0;0;0;0;0;null;0;0;0;0;0;0;0
Sürdürülen Faaliyetlerden Hisse Başına Kazanç;null;0;0;0;0;0;0;0;0;0;0;0;0;0;0;0;0;0;0;0;0;0;0;0;0;0;0;0;0;0;0;0;null;0;0;0;0;0;0;0
Sürdürülen Faaliyetlerden Seyreltilmiş Hisse Başına Kazanç;null;0;0;0;0;0;0;0;0;0;0;0;0;0;0;0;0;0;0;0;0;0;0;0;0;0;0;0;0;0;0;0;null;0;0;0;0;0;0;0
Amortisman Giderleri;null;2726000;390000;4957000;5632000;4960000;5690000;4979000;4581000;4314000;4519000;4398000;5616000;4351000;4752000;4688000;4591000;3246000;3125000;3236000;2802000;2681000;2669000;2588000;4944000;5242000;5568000;4905000;4771000;4914000;4963000;4693000;null;21261000;17812000;19407000;14198000;10740000;20659000;19341000
Kıdem Tazminatı;null;18000;-435000;1140000;-370000;890000;473000;442000;347000;433000;357000;1090000;260000;-108000;222000;441000;183000;-357000;136000;888000;3660000;261000;300000;295000;645000;-370000;695000;1369000;1366000;2103000;-196000;461000;null;1435000;2227000;815000;850000;4516000;2339000;3734000
Finansman Giderleri;null;-902000;-2758000;-1090000;-21525000;-2228000;-881000;-756000;-4564000;-9740000;-6629000;-4497000;-4665000;-3408000;-2552000;-2647000;-1823000;-2144000;-1471000;-766000;-700000;-1072000;33613000;-35479000;-25671000;-12727000;-13368000;-11953000;530000;-14808000;-26785000;-23482000;null;-25390000;-25430000;-13272000;-6204000;-3638000;-63719000;-64545000
Yurtiçi Satışlar;null;164356000;-231610000;586105000;1846907000;127302000;-198489000;503695000;467940000;477140000;482397000;453431000;457670000;447427000;432730000;343608000;393956000;485613000;485373000;379169000;646932000;349890000;375405000;313607000;365882000;359981000;392176000;359048000;415989000;325282000;344354000;305626000;null;2279415000;1880908000;1681435000;1744111000;1685834000;1477087000;1391251000
Yurtdışı Satışlar;null;44000;-2673000;2979000;13087000;105000;-1822000;1893000;4864000;4110000;3157000;2531000;4338000;3634000;4266000;3225000;4323000;4048000;4285000;3613000;9839000;523000;657000;403000;3548000;4699000;9320000;1610000;1655000;1789000;2192000;1166000;null;13263000;14662000;15463000;16269000;11422000;19177000;6802000
Net Yabancı Para Pozisyonu;null;-20365000;-163943000;551570000;70101000;-13963000;-217777000;575272000;-34248000;47646000;-94893000;546730000;-50350000;35334000;-119677000;642707000;13822000;29656000;-20204000;452761000;50284000;11076000;-36231000;451094000;3016000;13030000;-56897000;510535000;-491000;40952000;-60570000;423846000;null;413633000;465235000;508014000;476035000;476223000;469684000;403737000
Parasal net yabancı para varlık/(yükümlülük) pozisyonu;null;-20365000;-163943000;551570000;70101000;-10281000;-223668000;577481000;-34376000;47646000;-94893000;546730000;-50350000;558364000;null;null;476035000;null;null;null;null;413633000;465107000;508014000;476035000
Net YPP (Hedge Dahil);null;-20365000;-163943000;551570000;70101000;-14020000;-219929000;577481000;-34249000;47646000;-94893000;546730000;-50350000;558364000;null;null;476035000;null;null;null;null;413633000;465234000;508014000;476035000
